{"Rice_Cammeo_Osmancik": {"LDA": {"accuracy": [0.9195100612423447, 0.9308836395450568, 0.9247594050743657, 0.9238845144356955, 0.9273840769903762], "f1": [0.9057377049180327, 0.9162248144220573, 0.9094736842105263, 0.9090909090909091, 0.9148717948717948], "precision": [0.9285714285714286, 0.9370932754880694, 0.927038626609442, 0.9334763948497854, 0.9570815450643777], "recall": [0.884, 0.8962655601659751, 0.8925619834710744, 0.8859470468431772, 0.8762278978388998]}, "QDA": {"accuracy": [0.9343832020997376, 0.916010498687664, 0.9422572178477691, 0.9133858267716536, 0.9282589676290464], "f1": [0.924924924924925, 0.9051383399209486, 0.9366602687140115, 0.8998988877654196, 0.9171717171717172], "precision": [0.9041095890410958, 0.8690702087286527, 0.9312977099236641, 0.8725490196078431, 0.8972332015810277], "recall": [0.9467213114754098, 0.9443298969072165, 0.9420849420849421, 0.9290187891440501, 0.9380165289256198]}, "Decision Tree": {"accuracy": [0.8836395450568679, 0.9020122484689413, 0.8888888888888888, 0.8853893263342082, 0.8827646544181977], "f1": [0.8604407135362014, 0.8835758835758836, 0.872617853560682, 0.8595927116827439, 0.8699029126213592], "precision": [0.8613445378151261, 0.8709016393442623, 0.8770161290322581, 0.8679653679653679, 0.8888888888888888], "recall": [0.859538784067086, 0.8966244725738397, 0.8682634730538922, 0.851380042462845, 0.8517110266159695]}, "Random Forest": {"accuracy": [0.9247594050743657, 0.9352580927384077, 0.9203849518810149, 0.9326334208223972, 0.9168853893263342], "f1": [0.907725321888412, 0.9237113402061856, 0.9096325719960278, 0.921025641025641, 0.9025641025641026], "precision": [0.907725321888412, 0.9372384937238494, 0.9051383399209486, 0.9089068825910931, 0.8997955010224948], "recall": [0.907725321888412, 0.9105691056910569, 0.9141716566866267, 0.9334719334719335, 0.9053497942386831]}, "IWLS": {"accuracy": [0.9195100612423447, 0.9300087489063867, 0.9291338582677166, 0.9168853893263342, 0.9186351706036745], "f1": [0.9014989293361885, 0.9198396793587175, 0.9172625127681308, 0.8996832101372756, 0.9011689691817216], "precision": [0.9273127753303965, 0.9444444444444444, 0.9412997903563941, 0.9200863930885529, 0.9217391304347826], "recall": [0.8770833333333333, 0.896484375, 0.8944223107569721, 0.8801652892561983, 0.8814968814968815]}, "SGD": {"accuracy": [0.778652668416448, 0.4348206474190726, 0.5678040244969379, 0.43132108486439197, 0.5634295713035871], "f1": [0.7526881720430108, 0.6060975609756097, 0.004032258064516129, 0.6026894865525673, 0.0], "precision": [0.751953125, 0.4348206474190726, 1.0, 0.43132108486439197, 0.0], "recall": [0.7534246575342466, 1.0, 0.00202020202020202, 1.0, 0.0]}, "ADAM": {"accuracy": [0.8538932633420823, 0.8661417322834646, 0.8556430446194225, 0.7830271216097988, 0.8748906386701663], "f1": [0.7872611464968153, 0.8080301129234629, 0.8148148148148148, 0.6745406824146981, 0.8369441277080958], "precision": [0.9626168224299065, 0.9669669669669669, 0.937984496124031, 0.9518518518518518, 0.9084158415841584], "recall": [0.665948275862069, 0.6939655172413793, 0.7202380952380952, 0.5223577235772358, 0.7758985200845666]}}, "Online_Shoppers_intention": {"LDA": {"accuracy": [0.8834820221681535, 0.8761827520951608, 0.884022708840227, 0.8778048121113815, 0.8788861854555285], "f1": [0.4875148632580262, 0.46867749419953597, 0.5040462427745664, 0.4567307692307692, 0.44554455445544555], "precision": [0.7945736434108527, 0.8015873015873016, 0.7813620071684588, 0.7480314960629921, 0.7894736842105263], "recall": [0.3516295025728988, 0.33114754098360655, 0.3720136518771331, 0.328719723183391, 0.3103448275862069]}, "QDA": {"accuracy": [0.8267099216004326, 0.83779399837794, 0.8213030548796972, 0.8313057583130575, 0.8272506082725061], "f1": [0.5297138664710198, 0.5275590551181102, 0.5033809166040571, 0.524390243902439, 0.5234899328859061], "precision": [0.45294855708908405, 0.47183098591549294, 0.4272959183673469, 0.46675712347354137, 0.45525291828793774], "recall": [0.6378091872791519, 0.5982142857142857, 0.6124314442413162, 0.5982608695652174, 0.6157894736842106]}, "Decision Tree": {"accuracy": [0.8599621519329549, 0.8659097053257637, 0.8591511219248446, 0.8610435252771019, 0.8672614220059476], "f1": [0.5448154657293497, 0.5738831615120275, 0.5690653432588917, 0.5335753176043557, 0.5524156791248861], "precision": [0.5254237288135594, 0.5475409836065573, 0.576214405360134, 0.5610687022900763, 0.5439856373429084], "recall": [0.5656934306569343, 0.6028880866425993, 0.5620915032679739, 0.5086505190311419, 0.5611111111111111]}, "Random Forest": {"accuracy": [0.8999729656663963, 0.9021357123546905, 0.9005136523384698, 0.9056501757231684, 0.901595025682617], "f1": [0.6270161290322581, 0.6539196940726577, 0.6385068762278978, 0.6568338249754179, 0.6381709741550696], "precision": [0.716589861751152, 0.7307692307692307, 0.7420091324200914, 0.7695852534562212, 0.7345537757437071], "recall": [0.557347670250896, 0.5916955017301038, 0.5603448275862069, 0.5728987993138936, 0.5641476274165202]}, "IWLS": {"accuracy": [0.8686131386861314, 0.8742903487429035, 0.8688834820221681, 0.8723979453906461, 0.8759124087591241], "f1": [0.3502673796791444, 0.3905635648754915, 0.385297845373891, 0.3917525773195876, 0.3686382393397524], "precision": [0.793939393939394, 0.8514285714285714, 0.7638190954773869, 0.8172043010752689, 0.7486033519553073], "recall": [0.22469982847341338, 0.2534013605442177, 0.2576271186440678, 0.2576271186440678, 0.24452554744525548]}, "SGD": {"accuracy": [0.8421194917545283, 0.8577994052446607, 0.8450932684509327, 0.838875371722087, 0.8483373884833739], "f1": [0.0, 0.0, 0.0, 0.0, 0.0], "precision": [0.0, 0.0, 0.0, 0.0, 0.0], "recall": [0.0, 0.0, 0.0, 0.0, 0.0]}, "ADAM": {"accuracy": [0.8583400919167342, 0.8434712084347121, 0.8529332251959989, 0.8599621519329549, 0.849418761827521], "f1": [0.09027777777777778, 0.03015075376884422, 0.06529209621993128, 0.06498194945848375, 0.024518388791593695], "precision": [0.9285714285714286, 1.0, 0.9047619047619048, 0.9473684210526315, 0.7777777777777778], "recall": [0.04744525547445255, 0.015306122448979591, 0.0338680926916221, 0.03364485981308411, 0.012455516014234875]}}, "Dataset_for_Link_Phishing": {"LDA": {"accuracy": [0.9104631217838765, 0.9041166380789022, 0.909433962264151, 0.9101200686106347, 0.9032590051457976], "f1": [0.9114353579911775, 0.9045260461144321, 0.9112306657700068, 0.9124916499665998, 0.903754266211604], "precision": [0.9019476158495635, 0.8997621474685695, 0.9039359573048699, 0.9016501650165016, 0.8939905469277515], "recall": [0.921124828532236, 0.9093406593406593, 0.9186440677966101, 0.9235970250169033, 0.9137336093857833]}, "QDA": {"accuracy": [0.6291595197255575, 0.648885077186964, 0.6473413379073757, 0.6437392795883362, 0.6433962264150943], "f1": [0.4096122337520481, 0.4594665962503301, 0.4580917237743806, 0.446576072475353, 0.4527507238747039], "precision": [0.981675392670157, 0.9931506849315068, 0.9742152466367713, 0.9744186046511628, 0.9695603156708005], "recall": [0.2587991718426501, 0.2988663689453796, 0.2994486560992419, 0.28966470791565846, 0.29532967032967034]}, "Decision Tree": {"accuracy": [0.9675814751286449, 0.9636363636363636, 0.9687821612349914, 0.9675814751286449, 0.9679245283018868], "f1": [0.9676978294308666, 0.9635613612925404, 0.9687714481811942, 0.9673744174003107, 0.9678196523834107], "precision": [0.9612903225806452, 0.9685556323427782, 0.9681069958847737, 0.9655410062026188, 0.9656593406593407], "recall": [0.9741913282863042, 0.9586183310533516, 0.9694368131868132, 0.9692148045658942, 0.9699896516040014]}, "Random Forest": {"accuracy": [0.9835334476843911, 0.9821612349914237, 0.983704974271012, 0.9847341337907376, 0.979073756432247], "f1": [0.9834994843588862, 0.982420554428668, 0.9839228295819936, 0.9846153846153847, 0.9785513361462729], "precision": [0.9834994843588862, 0.983750846310088, 0.9860922659430122, 0.9824077268023457, 0.9747810858143607],