{"Rice_Cammeo_Osmancik": {"IWLS": {"accuracy": [0.9186351706036745, 0.9361329833770778, 0.9335083114610674, 0.9230096237970253, 0.9361329833770778, 0.916010498687664, 0.9361329833770778, 0.9133858267716536, 0.9291338582677166, 0.9378827646544182], "f1": [0.8972375690607735, 0.9300095877277086, 0.9201680672268907, 0.9069767441860465, 0.9240374609781478, 0.8974358974358975, 0.9227513227513228, 0.8941176470588236, 0.9141039236479321, 0.9256544502617801], "precision": [0.9144144144144144, 0.9454191033138402, 0.9221052631578948, 0.9449339207048458, 0.9347368421052632, 0.9130434782608695, 0.9478260869565217, 0.9247787610619469, 0.9389978213507625, 0.9246861924686193], "recall": [0.8806941431670282, 0.9150943396226415, 0.9182389937106918, 0.8719512195121951, 0.9135802469135802, 0.8823529411764706, 0.8989690721649485, 0.865424430641822, 0.890495867768595, 0.9266247379454927]}, "IWLS+INT": {"accuracy": [0.9300087489063867, 0.9361329833770778, 0.9230096237970253, 0.9343832020997376, 0.9256342957130359, 0.9282589676290464, 0.926509186351706, 0.9151356080489939, 0.9405074365704287, 0.9291338582677166], "f1": [0.92, 0.9219251336898395, 0.9079497907949791, 0.9232343909928352, 0.9122807017543859, 0.9152892561983471, 0.9161676646706587, 0.9053658536585366, 0.9300411522633745, 0.9157127991675338], "precision": [0.9218436873747495, 0.9349240780911063, 0.9333333333333333, 0.9148073022312373, 0.9151138716356108, 0.9134020618556701, 0.9053254437869822, 0.9115913555992141, 0.9224489795918367, 0.9263157894736842], "recall": [0.9181636726546906, 0.9092827004219409, 0.8839103869653768, 0.9318181818181818, 0.9094650205761317, 0.917184265010352, 0.9272727272727272, 0.8992248062015504, 0.9377593360995851, 0.9053497942386831]}, "SGD": {"accuracy": [0.4680664916885389, 0.7567804024496938, 0.7121609798775154, 0.7865266841644795, 0.8223972003499562, 0.8320209973753281, 0.4330708661417323, 0.7471566054243219, 0.46019247594050744, 0.8223972003499562], "f1": [0.6132315521628499, 0.6106442577030813, 0.7431693989071039, 0.7885615251299827, 0.7631271878646441, 0.8024691358024691, 0.5851472471190781, 0.7515047291487532, 0.6107255520504732, 0.7947421638018201], "precision": [0.4430147058823529, 0.9646017699115044, 0.6110397946084724, 0.7065217391304348, 0.9033149171270718, 0.8074534161490683, 0.414324569356301, 0.6315028901734104, 0.44, 0.7736220472440944], "recall": [0.9958677685950413, 0.44672131147540983, 0.9482071713147411, 0.8921568627450981, 0.6606060606060606, 0.7975460122699386, 0.9956427015250545, 0.9278131634819533, 0.9979381443298969, 0.817047817047817]}, "SGD+INT": {"accuracy": [0.8136482939632546, 0.8573928258967629, 0.7900262467191601, 0.8757655293088364, 0.4995625546806649, 0.5818022747156606, 0.7384076990376203, 0.8442694663167104, 0.7944006999125109, 0.6045494313210849], "f1": [0.7347447073474471, 0.8293193717277487, 0.6816976127320955, 0.8548057259713702, 0.6266318537859008, 0.012396694214876033, 0.7535037098103875, 0.7839805825242718, 0.6694796061884669, 0.6807909604519774], "precision": [0.9516129032258065, 0.8032454361054767, 0.9809160305343512, 0.8672199170124482, 0.45670789724072314, 1.0, 0.6226158038147139, 0.95, 0.967479674796748, 0.5177228786251342], "recall": [0.5983772819472617, 0.8571428571428571, 0.5223577235772358, 0.842741935483871, 0.997920997920998, 0.006237006237006237, 0.954070981210856, 0.6673553719008265, 0.5118279569892473, 0.9938144329896907]}, "ADAM": {"accuracy": [0.8311461067366579, 0.926509186351706, 0.7812773403324584, 0.7655293088363955, 0.8915135608048994, 0.8993875765529309, 0.8696412948381452, 0.9378827646544182, 0.6902887139107612, 0.9098862642169728], "f1": [0.8337639965546942, 0.9117647058823529, 0.6770025839793282, 0.7838709677419354, 0.8872727272727273, 0.8706411698537683, 0.8277456647398844, 0.9284994964753273, 0.40404040404040403, 0.8891280947255114], "precision": [0.7213114754098361, 0.9393939393939394, 1.0, 0.6471371504660453, 0.8079470198675497, 0.9772727272727273, 0.9808219178082191, 0.944672131147541, 1.0, 0.9516129032258065], "recall": [0.9877551020408163, 0.8857142857142857, 0.51171875, 0.9938650306748467, 0.9838709677419355, 0.7849898580121704, 0.716, 0.9128712871287129, 0.25316455696202533, 0.8343434343434344]}, "ADAM+INT": {"accuracy": [0.8801399825021873, 0.9405074365704287, 0.9151356080489939, 0.916010498687664, 0.926509186351706, 0.8136482939632546, 0.9238845144356955, 0.89501312335958, 0.9256342957130359, 0.910761154855643], "f1": [0.8693994280266921, 0.9260869565217391, 0.8893956670467503, 0.9047619047619048, 0.9119496855345912, 0.7208387942332897, 0.9132602193419741, 0.8850574712643678, 0.916256157635468, 0.8794326241134752], "precision": [0.7902946273830156, 0.9594594594594594, 0.9701492537313433, 0.8685714285714285, 0.9436008676789588, 0.9963768115942029, 0.8807692307692307, 0.84, 0.8959537572254336, 0.9712793733681462], "recall": [0.9661016949152542, 0.8949579831932774, 0.8210526315789474, 0.9440993788819876, 0.8823529411764706, 0.5646817248459959, 0.94824016563147, 0.9352226720647774, 0.9375, 0.8034557235421166]}}, "Statlog_Shuttle": {"IWLS": {"accuracy": [0.9036781609195402, 0.9060919540229885, 0.9016666666666666, 0.9013218390804598, 0.9013793103448275, 0.9005747126436782, 0.900632183908046, 0.9035632183908046, 0.9032183908045976, 0.9051149425287356], "f1": [0.9425555250891143, 0.943732782369146, 0.9412774135978309, 0.9408318687756297, 0.941289174763925, 0.9406314344543583, 0.9404634826624427, 0.9424198750943655, 0.9420190056466051, 0.9434453464871716], "precision": [0.8914678423236515, 0.8936350593452459, 0.8892419428052656, 0.8883899518417285, 0.8892049127343244, 0.8880321389230869, 0.8876755070202809, 0.8912253374870197, 0.8905090483010025, 0.893003047791972], "recall": [0.9998545666084933, 0.9997811177586459, 0.9997812773403325, 0.999853512048634, 0.9998546300334351, 0.9998540891515284, 0.9999267774767518, 0.999854376001165, 0.9998538225405642, 0.9999273889050246]}, "IWLS+INT": {"accuracy": [0.9366091954022988, 0.9338505747126437, 0.9339080459770115, 0.9330459770114943, 0.9405747126436782, 0.9398850574712644, 0.9351724137931035, 0.9329885057471264, 0.9391954022988506, 0.9376436781609195], "f1": [0.9607738539777375, 0.959011431216837, 0.9590747330960854, 0.9587333073571606, 0.9633281316498794, 0.9627041289310418, 0.9599118629611202, 0.9585436962241343, 0.9623460744536978, 0.9616214495419334], "precision": [0.9346156507299522, 0.9325438049726436, 0.9313014029995162, 0.9318964329982096, 0.940838240387946, 0.9408976860886534, 0.9344727373373928, 0.9325492909028018, 0.9376517095498994, 0.9360925556091179], "recall": [0.9884384604127031, 0.987025362850022, 0.9885554984960752, 0.9871617185790357, 0.986919555264879, 0.985545335085414, 0.9867748063714745, 0.9860288201302027, 0.9883763432999488, 0.9885818181818182]}, "SGD": {"accuracy": [0.9029310344827586, 0.9222988505747126, 0.9059770114942529, 0.9155747126436782, 0.8660919540229886, 0.8600574712643678, 0.8983333333333333, 0.9113793103448276, 0.8692528735632183, 0.9418390804597702], "f1": [0.9391285544383177, 0.9502831506950062, 0.94018281535649, 0.9475488270789445, 0.9154326364692218, 0.9093818614863608, 0.935151581802852, 0.9419951850737286, 0.9173778826947522, 0.9637431928919461], "precision": [0.9252893970598679, 0.9482606781153676, 0.9354627473806753, 0.921714365101417, 0.9077233138990859, 0.922809667673716, 0.9367655699177438, 0.9733364427860697, 0.9086330935251798, 0.9507988123851265], "recall": [0.9533879701448851, 0.9523142688679245, 0.9449507570189623, 0.9748732642715451, 0.923274031773922, 0.8963392267625266, 0.933543145722023, 0.9126093294460641, 0.9262926292629263, 0.9770448932151679]}, "SGD+INT": {"accuracy": [0.7851149425287356, 0.8883333333333333, 0.9636206896551724, 0.8764942528735632, 0.767183908045977, 0.9014942528735632, 0.9490229885057472, 0.845919540229885, 0.7750574712643679, 0.9152298850574713],