{
  "Rice_Cammeo_Osmancik": {
    "LDA": {
      "accuracy": [
        0.9343832020997376
      ],
      "f1": [
        0.9206349206349206
      ],
      "precision": [
        0.9375
      ],
      "recall": [
        0.9043659043659044
      ]
    },
    "QDA": {
      "accuracy": [
        0.9247594050743657
      ],
      "f1": [
        0.9161793372319688
      ],
      "precision": [
        0.9003831417624522
      ],
      "recall": [
        0.9325396825396826
      ]
    },
    "Decision Tree": {
      "accuracy": [
        0.8775153105861767
      ],
      "f1": [
        0.8577235772357723
      ],
      "precision": [
        0.8559837728194726
      ],
      "recall": [
        0.8594704684317719
      ]
    },
    "Random Forest": {
      "accuracy": [
        0.9230096237970253
      ],
      "f1": [
        0.9087136929460581
      ],
      "precision": [
        0.8975409836065574
      ],
      "recall": [
        0.9201680672268907
      ]
    },
    "IWLS": {
      "accuracy": [
        0.931758530183727
      ],
      "f1": [
        0.918580375782881
      ],
      "precision": [
        0.9322033898305084
      ],
      "recall": [
        0.9053497942386831
      ]
    },
    "SGD": {
      "accuracy": [
        0.5879265091863517
      ],
      "f1": [
        0.0
      ],
      "precision": [
        0.0
      ],
      "recall": [
        0.0
      ]
    },
    "ADAM": {
      "accuracy": [
        0.689413823272091
      ],
      "f1": [
        0.4246353322528363
      ],
      "precision": [
        0.9703703703703703
      ],
      "recall": [
        0.2717842323651452
      ]
    }
  },
  "Online_Shoppers_intention": {
    "LDA": {
      "accuracy": [
        0.8732089753987564
      ],
      "f1": [
        0.4578034682080925
      ],
      "precision": [
        0.7333333333333333
      ],
      "recall": [
        0.33277310924369746
      ]
    },
    "QDA": {
      "accuracy": [
        0.8394160583941606
      ],
      "f1": [
        0.543778801843318
      ],
      "precision": [
        0.48693259972489683
      ],
      "recall": [
        0.6156521739130435
      ]
    },
    "Decision Tree": {
      "accuracy": [
        0.8567180319005137
      ],
      "f1": [
        0.5575959933222037
      ],
      "precision": [
        0.540453074433657
      ],
      "recall": [
        0.5758620689655173
      ]
    },
    "Random Forest": {
      "accuracy": [
        0.9029467423628007
      ],
      "f1": [
        0.6340468909276249
      ],
      "precision": [
        0.735224586288416
      ],
      "recall": [
        0.557347670250896
      ]
    },
    "IWLS": {
      "accuracy": [
        0.8772641254393079
      ],
      "f1": [
        0.3439306358381503
      ],
      "precision": [
        0.7777777777777778
      ],
      "recall": [
        0.22077922077922077
      ]
    },
    "SGD": {
      "accuracy": [
        0.8399567450662341
      ],
      "f1": [
        0.0
      ],
      "precision": [
        0.0
      ],
      "recall": [
        0.0
      ]
    },
    "ADAM": {
      "accuracy": [
        0.8496891051635577
      ],
      "f1": [
        0.034722222222222224
      ],
      "precision": [
        0.8333333333333334
      ],
      "recall": [
        0.01773049645390071
      ]
    }
  },
  "Dataset_for_Link_Phishing": {
    "LDA": {
      "accuracy": [
        0.904631217838765
      ],
      "f1": [
        0.9061127997298211
      ],
      "precision": [
        0.8931424766977364
      ],
      "recall": [
        0.9194653872515421
      ]
    },
    "QDA": {
      "accuracy": [
        0.6531732418524872
      ],
      "f1": [
        0.4726134585289515
      ],
      "precision": [
        0.9847826086956522
      ],
      "recall": [
        0.3109128345916266
      ]
    },
    "Decision Tree": {
      "accuracy": [
        0.9667238421955403
      ],
      "f1": [
        0.9669167803547067
      ],
      "precision": [
        0.9672466734902764
      ],
      "recall": [
        0.9665871121718377
      ]
    },
    "Random Forest": {
      "accuracy": [
        0.981303602058319
      ],
      "f1": [
        0.9814404903797037
      ],
      "precision": [
        0.9796057104010877
      ],
      "recall": [
        0.9832821562606618
      ]
    },
    "IWLS": {
      "accuracy": [
        0.9073756432246999
      ],
      "f1": [
        0.9081632653061225
      ],
      "precision": [
        0.9008097165991903
      ],
      "recall": [
        0.9156378600823045
      ]
    },
    "SGD": {
      "accuracy": [
        0.5149228130360206
      ],
      "f1": [
        0.04523970290344362
      ],
      "precision": [
        0.9710144927536232
      ],
      "recall": [
        0.023159350155547875
      ]
    },
    "ADAM": {
      "accuracy": [
        0.6778730703259005
      ],
      "f1": [
        0.6787547040711598
      ],
      "precision": [
        0.6803840877914952
      ],
      "recall": [
        0.6771331058020478
      ]
    }
  },
  "Banknote_Authentication": {
    "LDA": {
      "accuracy": [
        0.9587378640776699
      ],
      "f1": [
        0.9549071618037135
      ],
      "precision": [
        0.9137055837563451
      ],
      "recall": [
        1.0
      ]
    },
    "QDA": {
      "accuracy": [
        0.9927184466019418
      ],
      "f1": [
        0.9922879177377892
      ],
      "precision": [
        0.9846938775510204
      ],
      "recall": [
        1.0
      ]
    },
    "Decision Tree": {
      "accuracy": [
        0.9733009708737864
      ],
      "f1": [
        0.9724310776942355
      ],
      "precision": [
        0.9556650246305419
      ],
      "recall": [
        0.9897959183673469
      ]
    },
    "Random Forest": {
      "accuracy": [
        0.9854368932038835
      ],
      "f1": [
        0.9831460674157303
      ],
      "precision": [
        0.9668508287292817
      ],
      "recall": [
        1.0
      ]
    },
    "IWLS": {
      "accuracy": [
        0.9781553398058253
      ],
      "f1": [
        0.9768637532133676
      ],
      "precision": [
        0.9547738693467337
      ],
      "recall": [
        1.0
      ]
    },
    "SGD": {
      "accuracy": [
        0.8228155339805825
      ],
      "f1": [
        0.7859237536656891
      ],
      "precision": [
        0.8993288590604027
      ],
      "recall": [
        0.6979166666666666
      ]
    },
    "ADAM": {
      "accuracy": [
        0.8446601941747572
      ],
      "f1": [
        0.8048780487804879
      ],
      "precision": [
        0.8918918918918919
      ],
      "recall": [
        0.7333333333333333
      ]
    }
  },
  "Optdigits": {
    "LDA": {
      "accuracy": [
        0.9655990510083037
      ],
      "f1": [
        0.81875
      ],
      "precision": [
        0.808641975308642
      ],
      "recall": [
        0.8291139240506329
      ]
    },
    "QDA": {
      "accuracy": [
        0.30486358244365364
      ],
      "f1": [
        0.22281167108753316
      ],
      "precision": [
        0.1256544502617801
      ],
      "recall": [
        0.9824561403508771
      ]
    },
    "Decision Tree": {
      "accuracy": [
        0.9596678529062871
      ],
      "f1": [
        0.8023255813953488
      ],
      "precision": [
        0.8023255813953488
      ],
      "recall": [
        0.8023255813953488
      ]
    },
    "Random Forest": {
      "accuracy": [
        0.9810201660735468
      ],
      "f1": [
        0.8926174496644296
      ],
      "precision": [
        0.9708029197080292
      ],
      "recall": [
        0.8260869565217391
      ]
    },
    "IWLS": {
      "accuracy": [
        0.9430604982206405
      ],
      "f1": [
        0.625
      ],
      "precision": [
        0.9411764705882353
      ],
      "recall": [
        0.4678362573099415
      ]
    },
    "SGD": {
      "accuracy": [
        0.902135231316726
      ],
      "f1": [
        0.0
      ],