{"Rice_Cammeo_Osmancik": {"IWLS+INT": {"accuracy": [0.9186351706036745, 0.931758530183727, 0.9335083114610674, 0.9405074365704287, 0.9256342957130359, 0.9203849518810149, 0.9300087489063867, 0.9343832020997376, 0.9378827646544182, 0.9308836395450568], "f1": [0.9011689691817216, 0.920892494929006, 0.9238476953907816, 0.9311740890688259, 0.9150849150849151, 0.9055036344755971, 0.91701244813278, 0.9216300940438872, 0.9282103134479271, 0.9202825428859738], "precision": [0.9197396963123644, 0.9007936507936508, 0.9165009940357853, 0.9274193548387096, 0.9178356713426854, 0.9026915113871635, 0.918918918918919, 0.9111570247933884, 0.936734693877551, 0.9193548387096774], "recall": [0.8833333333333333, 0.941908713692946, 0.9313131313131313, 0.9349593495934959, 0.9123505976095617, 0.9083333333333333, 0.9151138716356108, 0.9323467230443975, 0.9198396793587175, 0.9212121212121213]}, "IWLS": {"accuracy": [0.9300087489063867, 0.9282589676290464, 0.9238845144356955, 0.9247594050743657, 0.9361329833770778, 0.9212598425196851, 0.9282589676290464, 0.9335083114610674, 0.9195100612423447, 0.926509186351706], "f1": [0.9198396793587175, 0.9166666666666666, 0.9123867069486404, 0.907725321888412, 0.9217577706323687, 0.9058577405857741, 0.9106753812636166, 0.9213250517598344, 0.9031578947368422, 0.9112050739957717], "precision": [0.9386503067484663, 0.9260780287474333, 0.937888198757764, 0.9548532731376975, 0.9347826086956522, 0.9193205944798302, 0.9247787610619469, 0.9329140461215933, 0.9245689655172413, 0.9431072210065645], "recall": [0.9017681728880157, 0.9074446680080482, 0.888235294117647, 0.8650306748466258, 0.9090909090909091, 0.8927835051546392, 0.8969957081545065, 0.9100204498977505, 0.8827160493827161, 0.8813905930470347]}, "SGD+INT": {"accuracy": [0.7917760279965005, 0.8223972003499562, 0.7821522309711286, 0.7121609798775154, 0.7392825896762905, 0.7891513560804899, 0.7944006999125109, 0.7716535433070866, 0.5503062117235346, 0.7917760279965005], "f1": [0.6956521739130435, 0.7828877005347593, 0.7666354264292409, 0.7357429718875502, 0.7395104895104895, 0.7857777777777778, 0.7680157946692991, 0.7654986522911051, 0.6573333333333333, 0.6703601108033241], "precision": [0.912751677852349, 0.8337129840546698, 0.7039586919104991, 0.6074270557029178, 0.6448170731707317, 0.7152103559870551, 0.7452107279693486, 0.7029702970297029, 0.4925074925074925, 0.9272030651340997], "recall": [0.5619834710743802, 0.7379032258064516, 0.8415637860082305, 0.9327902240325866, 0.8668032786885246, 0.8717948717948718, 0.7922606924643585, 0.8402366863905325, 0.9879759519038076, 0.5249457700650759]}, "SGD": {"accuracy": [0.7497812773403325, 0.8092738407699037, 0.7585301837270341, 0.8022747156605424, 0.5966754155730534, 0.7252843394575678, 0.6019247594050744, 0.4820647419072616, 0.5931758530183727, 0.799650043744532], "f1": [0.6266318537859008, 0.7680851063829788, 0.7535714285714286, 0.7822736030828517, 0.09430255402750491, 0.5501432664756447, 0.6923597025016903, 0.6180645161290322, 0.6768589298123697, 0.7920072661217076], "precision": [0.9523809523809523, 0.8204545454545454, 0.65527950310559, 0.7645951035781544, 1.0, 0.964824120603015, 0.5378151260504201, 0.44934333958724204, 0.5164369034994698, 0.7278797996661102], "recall": [0.4669260700389105, 0.722, 0.8865546218487395, 0.8007889546351085, 0.049484536082474224, 0.3847695390781563, 0.9715370018975332, 0.9896694214876033, 0.9818548387096774, 0.8685258964143426]}, "ADAM+INT": {"accuracy": [0.8643919510061242, 0.8582677165354331, 0.8617672790901137, 0.8503937007874016, 0.884514435695538, 0.8608923884514436, 0.8521434820647419, 0.8521434820647419, 0.8512685914260717, 0.8617672790901137], "f1": [0.8416751787538305, 0.8373493975903614, 0.8477842003853564, 0.8315270935960591, 0.8653061224489796, 0.8389057750759878, 0.8351219512195122, 0.8404154863078376, 0.8247422680412371, 0.8429423459244533], "precision": [0.8256513026052105, 0.7897727272727273, 0.7899461400359067, 0.8226120857699805, 0.8617886178861789, 0.8771186440677966, 0.8278529980657641, 0.7974910394265233, 0.814663951120163, 0.8076190476190476], "recall": [0.8583333333333333, 0.8910256410256411, 0.9147609147609148, 0.8406374501992032, 0.8688524590163934, 0.8038834951456311, 0.84251968503937, 0.8882235528942116, 0.8350730688935282, 0.8814968814968815]}, "ADAM": {"accuracy": [0.8582677165354331, 0.863517060367454, 0.8565179352580927, 0.8556430446194225, 0.8582677165354331, 0.8643919510061242, 0.8705161854768154, 0.8783902012248469, 0.8740157480314961, 0.8678915135608049], "f1": [0.8457142857142858, 0.8391752577319588, 0.8350100603621731, 0.8160535117056856, 0.8239130434782609, 0.8327939590075513, 0.8514056224899599, 0.8450390189520625, 0.8503118503118503, 0.8364030335861322], "precision": [0.7789473684210526, 0.8514644351464435, 0.8058252427184466, 0.9265822784810127, 0.8752886836027713, 0.8955916473317865, 0.8814968814968815, 0.9176755447941889, 0.8702127659574468, 0.8955916473317865], "recall": [0.925, 0.8272357723577236, 0.8663883089770354, 0.7290836653386454, 0.7782340862422998, 0.7782258064516129, 0.8233009708737864, 0.7830578512396694, 0.8313008130081301, 0.7845528455284553]}}, "Statlog_Shuttle": {"IWLS+INT": {"accuracy": [0.9335632183908046, 0.9401724137931035, 0.9322988505747126, 0.9364942528735632, 0.9494827586206896, 0.9392528735632184, 0.9352873563218391, 0.9341379310344827, 0.9410344827586207, 0.9390804597701149], "f1": [0.9589313627966463, 0.96272157564906, 0.9580812753540673, 0.9603928456217069, 0.9686999252216644, 0.9622944386972496, 0.9600652574833309, 0.9594938498515482, 0.9636144407404781, 0.9622668375338175], "precision": [0.931915481287115, 0.9403287862889123, 0.9304672380425767, 0.9363947717900328, 0.947742474916388, 0.9382956521739131, 0.9340924775707384, 0.9333012445850237, 0.9420330051310498, 0.9391981099298172], "recall": [0.987560368798478, 0.9862068965517241, 0.9873844799765292, 0.9856533254855797, 0.9906051999126065, 0.9875530824425245, 0.9875237122428133, 0.9871990690232016, 0.9862078977932637, 0.9864973359608787]}, "IWLS": {"accuracy": [0.9016666666666666, 0.9026436781609195, 0.9027586206896552, 0.9025862068965518, 0.9037931034482759, 0.9041954022988505, 0.9048850574712644, 0.9051149425287356, 0.9054022988505747, 0.9010344827586206], "f1": [0.9410548799393668, 0.9416586306653809, 0.9417154667585257, 0.9413433920476174, 0.9426319396847156, 0.94262605403545, 0.942850236541317, 0.9433016243689687, 0.9434558570937822, 0.9405674052598881], "precision": [0.8887876618728444, 0.8898652606912713, 0.8899667947131975, 0.8892448512585812, 0.8916623443983402, 0.8917106205639123, 0.8919960797125123, 0.8927457098283932, 0.8930801248699272, 0.8878608197041767], "recall": [0.9998535871156662, 0.9998537263219484, 0.9998537049228293, 0.9999264813997941, 0.9997819133469031, 0.9997079865673821, 0.9998535227772082, 0.9999271933017838, 0.999854376001165, 0.9999266162765099]}, "SGD+INT": {"accuracy": [0.8523563218390805, 0.8594252873563218, 0.8575287356321839, 0.861264367816092, 0.8557471264367816, 0.8552298850574712, 0.8545977011494252, 0.8598850574712643, 0.8567241379310345, 0.849367816091954], "f1": [0.9126873534309894, 0.9163303003352261, 0.9148431864243757, 0.9177624855215644, 0.9141410686187316, 0.9136767074466262, 0.9135338345864662, 0.9167349726775956, 0.9145852605612088, 0.910051820584097], "precision": [0.8562045657441653, 0.86229318225713, 0.8622676941008871, 0.8644035166527626, 0.8596242923314462, 0.8602310124540233, 0.8580508474576272, 0.8628093860495017, 0.8593780181572339, 0.8536020086267946], "recall": [0.9771486791354341, 0.9775928764323772, 0.974246414983904, 0.9781424733134848, 0.9760409057706355, 0.9742034492838352, 0.9766881028938906, 0.9778506375227687, 0.9773725834797891, 0.9744965456416287]}, "SGD": {"accuracy": [0.8698850574712643, 0.8686781609195402, 0.8685632183908046, 0.8693103448275862, 0.8680459770114942, 0.868735632183908, 0.868735632183908, 0.8639655172413793, 0.8614942528735632, 0.8668390804597701],