,IRLS,SGD,ADAM
0,0.9203016828952553,0.7661535430854955,0.8536472111217426
1,0.9428696249141859,0.6392872745428446,0.8704237658366099
2,0.9280615181592284,0.8006450843031826,0.8844112816049192
3,0.9277432991545242,0.5663428674221982,0.8511805180787911
4,0.9162397165113412,0.7110928987339796,0.8436706785931719
5,0.9352530452885536,0.7916315677124817,0.861326040401861
6,0.9256907989515035,0.631163957582274,0.846314801931145
7,0.9319335772039319,0.6870109741769368,0.855123365747569
8,0.9166448296997745,0.7402889227533698,0.8593303829997807
