,IRLS,SGD,ADAM
0,0.9157145269319525,0.7262762424719986,0.870448021613103
1,0.9111414419992121,0.7128454438003039,0.8614284910226825
