{"Rice_Cammeo_Osmancik": [0.022716133819155458, 0.022716133819155458, 0.022716133819155458, 0.022716133819155458, 0.022716133819155458, 0.022716133819155458, 0.022716133819155458, 0.022716133819155458, 0.022716133819155458, 0.022716133819155458, 0.022716133819155458], "Online_Shoppers_intention": [-0.20031015222555007, -0.20031015222555007, -0.20031015222555007, -0.20031015222555007, -0.20031015222555007, -0.20031015222555007, -0.20031015222555007, -0.20031015222555007, -0.20031015222555007, -0.20031015222555007, -0.20031015222555007], "Dataset_for_Link_Phishing": [0.052262855754597874, 0.052262855754597874, 0.052262855754597874, 0.052262855754597874, 0.052262855754597874, 0.052262855754597874, 0.052262855754597874, 0.052262855754597874, 0.052262855754597874, 0.052262855754597874, 0.052262855754597874], "Banknote_Authentication": [-0.12338527256511886, -0.12338527256511886, -0.12338527256511886, -0.12338527256511886, -0.12338527256511886, -0.12338527256511886, -0.12338527256511886, -0.12338527256511886, -0.12338527256511886, -0.12338527256511886, -0.12338527256511886], "Optdigits": [-0.45154781190960286, -0.45154781190960286, -0.45154781190960286, -0.45154781190960286, -0.45154781190960286, -0.45154781190960286, -0.45154781190960286, -0.45154781190960286, -0.45154781190960286, -0.45154781190960286, -0.45154781190960286], "EEG_Eye_State": [0.6040944024931472, 0.6040944024931472, 0.6040944024931472, 0.6040944024931472, 0.6040944024931472, 0.6040944024931472, 0.6040944024931472, 0.6040944024931472, 0.6040944024931472, 0.6040944024931472, 0.6040944024931472], "Web_Page_Phishing": [0.22555317120855045, 0.22555317120855045, 0.22555317120855045, 0.22555317120855045, 0.22555317120855045, 0.22555317120855045, 0.22555317120855045, 0.22555317120855045, 0.22555317120855045, 0.22555317120855045, 0.22555317120855045], "Statlog_Shuttle": [0.3380386261013006, 0.3380386261013006, 0.3380386261013006, 0.3380386261013006, 0.3380386261013006, 0.3380386261013006, 0.3380386261013006, 0.3380386261013006, 0.3380386261013006, 0.3380386261013006, 0.3380386261013006], "Airline_Passenger_Satisfaction": [0.1434073358199577, 0.1434073358199577, 0.1434073358199577, 0.1434073358199577, 0.1434073358199577, 0.1434073358199577, 0.1434073358199577, 0.1434073358199577, 0.1434073358199577, 0.1434073358199577, 0.1434073358199577]}